Track ID,Release Date,Platform,Total Streams,Likes,Dislikes,Positive Comments,Negative Comments,Social Media Mentions,Critical Reviews,Date,Track Title
1,5/8/2023 10:55:09 PM,Apple Music,46980,35707,233,257,28,1375,8.5,4/10/2023 10:55:09 PM,Love in the Time of Data
2,4/24/2023 10:55:09 PM,Spotify,42409,44110,3238,368,73,1152,9,4/11/2023 10:55:09 PM,Byte-Sized Affections
3,4/17/2023 10:55:09 PM,Apple Music,23224,22343,4019,261,20,672,6.9,4/12/2023 10:55:09 PM,Cache in My Heart
4,4/30/2023 10:55:09 PM,Apple Music,35150,43827,172,359,63,509,8.7,4/13/2023 10:55:09 PM,404 Love Not Found
5,4/28/2023 10:55:09 PM,Apple Music,44393,10655,4594,201,54,1239,8,4/14/2023 10:55:09 PM,Syncing Low
6,5/2/2023 10:55:09 PM,Apple Music,17973,20251,4325,322,56,764,9,4/15/2023 10:55:09 PM,Query of My Life
7,4/20/2023 10:55:09 PM,Spotify,18577,5526,3078,158,21,937,7.3,4/16/2023 10:55:09 PM,Datastream Dreamer
8,4/20/2023 10:55:09 PM,Spotify,18070,8224,4461,346,30,1259,9.6,4/17/2023 10:55:09 PM,Eternal Loop
9,5/3/2023 10:55:09 PM,YouTube,18666,16536,2085,227,20,746,6.3,4/18/2023 10:55:09 PM,Beyond the Cloud
10,5/3/2023 10:55:09 PM,Apple Music,46368,33541,892,382,14,1166,9.2,4/19/2023 10:55:09 PM,Hit Refresh on Us
11,4/12/2023 10:55:09 PM,YouTube,16783,18547,4359,424,90,1045,9.4,4/20/2023 10:55:09 PM,Midnight Velvet
12,5/1/2023 10:55:09 PM,Spotify,14971,39531,194,124,65,998,9.3,4/21/2023 10:55:09 PM,Whispering Giants
13,4/11/2023 10:55:09 PM,Spotify,23490,13712,1233,230,29,628,8.1,4/22/2023 10:55:09 PM,Neon Rain
14,5/3/2023 10:55:09 PM,Spotify,11990,43565,337,452,50,1171,7.8,4/23/2023 10:55:09 PM,Echoes of the Forgotten
15,5/9/2023 10:55:09 PM,Spotify,15299,14208,3046,295,55,1100,10,4/24/2023 10:55:09 PM,Willow and the Wind
16,4/11/2023 10:55:09 PM,Spotify,29956,10109,2630,380,21,1104,6.9,4/25/2023 10:55:09 PM,Painted Skies
17,4/30/2023 10:55:09 PM,Spotify,32359,40201,2060,253,79,826,8.2,4/26/2023 10:55:09 PM,Rooftop Reveries
18,5/12/2023 10:55:09 PM,Spotify,47148,21967,1148,481,26,1252,8.7,4/27/2023 10:55:09 PM,Lanterns in the Fog
19,4/21/2023 10:55:09 PM,Apple Music,38734,34759,2629,232,28,1334,8.8,4/28/2023 10:55:09 PM,Chasing Starlight
20,5/1/2023 10:55:09 PM,YouTube,14757,25172,3064,326,35,1479,6.8,4/29/2023 10:55:09 PM,Sapphire Silence
21,5/4/2023 10:55:09 PM,Spotify,29097,41935,1063,288,57,903,8.6,4/30/2023 10:55:09 PM,Love in the Time of Data
22,5/6/2023 10:55:09 PM,Apple Music,20395,31589,636,364,61,1128,9.3,5/1/2023 10:55:09 PM,Byte-Sized Affections
23,5/7/2023 10:55:09 PM,Apple Music,26241,35015,4323,471,79,1105,6.2,5/2/2023 10:55:09 PM,Cache in My Heart
24,4/25/2023 10:55:09 PM,YouTube,48356,34009,3779,233,64,1174,9.6,5/3/2023 10:55:09 PM,404 Love Not Found
25,4/24/2023 10:55:09 PM,Spotify,37696,22773,4287,310,84,1110,6.1,5/4/2023 10:55:09 PM,Syncing Low
26,4/12/2023 10:55:09 PM,YouTube,14944,31143,3824,159,42,1124,7.4,5/5/2023 10:55:09 PM,Query of My Life
27,4/16/2023 10:55:09 PM,Spotify,29816,11154,642,476,71,858,6.1,5/6/2023 10:55:09 PM,Datastream Dreamer
28,4/30/2023 10:55:09 PM,Apple Music,47011,26804,945,494,97,1102,6.3,5/7/2023 10:55:09 PM,Eternal Loop
29,4/18/2023 10:55:09 PM,Apple Music,34917,25581,3703,463,32,1357,9.6,5/8/2023 10:55:09 PM,Beyond the Cloud
30,4/27/2023 10:55:09 PM,Apple Music,41195,35087,3136,463,24,1217,7.4,5/9/2023 10:55:09 PM,Hit Refresh on Us
31,4/13/2023 10:55:09 PM,Apple Music,31566,37981,2594,312,36,516,7.7,5/10/2023 10:55:09 PM,Midnight Velvet
32,5/4/2023 10:55:09 PM,YouTube,19916,8762,4585,315,84,773,6.9,5/11/2023 10:55:09 PM,Whispering Giants
33,4/23/2023 10:55:09 PM,Spotify,30806,14768,2819,325,73,1184,8.4,5/12/2023 10:55:09 PM,Neon Rain
34,4/18/2023 10:55:09 PM,Spotify,19984,44499,1984,230,90,615,8.4,5/13/2023 10:55:09 PM,Echoes of the Forgotten
35,5/5/2023 10:55:09 PM,YouTube,11759,43559,4238,175,60,1360,7.5,5/14/2023 10:55:09 PM,Willow and the Wind
1,4/11/2023 10:55:09 PM,Spotify,36838,13783,4449,385,62,1479,7.3,5/15/2023 10:55:09 PM,Painted Skies
2,4/29/2023 10:55:09 PM,Apple Music,12482,34781,3301,376,87,1192,9.5,5/16/2023 10:55:09 PM,Rooftop Reveries
3,5/7/2023 10:55:09 PM,Spotify,34442,35811,2810,255,91,590,7.5,5/17/2023 10:55:09 PM,Lanterns in the Fog
4,4/16/2023 10:55:09 PM,Apple Music,43719,40488,2053,347,60,581,8,5/18/2023 10:55:09 PM,Chasing Starlight
5,4/17/2023 10:55:09 PM,YouTube,37965,13905,4837,317,56,823,7.1,5/19/2023 10:55:09 PM,Sapphire Silence
6,5/14/2023 10:55:09 PM,Spotify,12079,14127,3950,289,13,1460,9.1,5/20/2023 10:55:09 PM,Love in the Time of Data
7,4/23/2023 10:55:09 PM,YouTube,12717,27431,789,262,16,613,7.6,5/21/2023 10:55:09 PM,Byte-Sized Affections
8,4/26/2023 10:55:09 PM,Spotify,37952,11368,2050,279,44,1268,8.1,5/22/2023 10:55:09 PM,Cache in My Heart
9,4/13/2023 10:55:09 PM,Apple Music,30908,32424,556,133,57,557,7,5/23/2023 10:55:09 PM,404 Love Not Found
10,4/11/2023 10:55:09 PM,YouTube,34861,23333,2230,140,82,653,10,5/24/2023 10:55:09 PM,Syncing Low
11,4/15/2023 10:55:09 PM,Spotify,17311,28116,4076,406,81,1376,7.2,5/25/2023 10:55:09 PM,Query of My Life
12,4/13/2023 10:55:09 PM,Apple Music,38071,20525,4344,437,54,903,9.1,5/26/2023 10:55:09 PM,Datastream Dreamer
13,5/8/2023 10:55:09 PM,YouTube,33570,28398,1279,413,90,1127,7.7,5/27/2023 10:55:09 PM,Eternal Loop
14,4/27/2023 10:55:09 PM,YouTube,28449,37857,4385,174,90,1354,6.8,5/28/2023 10:55:09 PM,Beyond the Cloud
15,5/5/2023 10:55:09 PM,Spotify,43536,15361,3665,378,81,765,9.2,5/29/2023 10:55:09 PM,Hit Refresh on Us
16,5/13/2023 10:55:09 PM,Spotify,48258,21369,982,275,28,814,7.3,5/30/2023 10:55:09 PM,Midnight Velvet
17,4/19/2023 10:55:09 PM,Spotify,38865,8041,499,483,72,1214,9.5,5/31/2023 10:55:09 PM,Whispering Giants
18,4/23/2023 10:55:09 PM,Apple Music,16645,5105,708,249,47,540,9.7,6/1/2023 10:55:09 PM,Neon Rain
19,5/10/2023 10:55:09 PM,Spotify,48000,14078,1738,372,76,604,9.4,6/2/2023 10:55:09 PM,Echoes of the Forgotten
20,4/24/2023 10:55:09 PM,YouTube,36737,30003,2248,424,68,1400,6.1,6/3/2023 10:55:09 PM,Willow and the Wind
21,4/17/2023 10:55:09 PM,YouTube,21485,11090,1482,207,78,1389,9.1,6/4/2023 10:55:09 PM,Painted Skies
22,4/23/2023 10:55:09 PM,Spotify,48565,43850,1503,238,22,692,7.6,6/5/2023 10:55:09 PM,Rooftop Reveries
23,5/2/2023 10:55:09 PM,Spotify,35522,6925,919,449,56,900,9.5,6/6/2023 10:55:09 PM,Lanterns in the Fog
24,4/30/2023 10:55:09 PM,YouTube,22342,23440,3392,370,70,777,8.6,6/7/2023 10:55:09 PM,Chasing Starlight
25,4/25/2023 10:55:09 PM,Apple Music,23087,44685,919,446,40,853,9.3,6/8/2023 10:55:09 PM,Sapphire Silence
26,4/27/2023 10:55:09 PM,Spotify,47641,31015,519,388,89,1248,8,6/9/2023 10:55:09 PM,Love in the Time of Data
27,5/3/2023 10:55:09 PM,Spotify,44249,38320,4319,311,31,1436,8.1,6/10/2023 10:55:09 PM,Byte-Sized Affections
28,5/5/2023 10:55:09 PM,YouTube,20093,30291,4617,480,95,1232,6.6,6/11/2023 10:55:09 PM,Cache in My Heart
29,5/4/2023 10:55:09 PM,Spotify,26438,41679,3402,371,52,1079,9.1,6/12/2023 10:55:09 PM,404 Love Not Found
30,5/8/2023 10:55:09 PM,Apple Music,36399,31289,1608,165,76,1208,7.7,6/13/2023 10:55:09 PM,Syncing Low
31,4/24/2023 10:55:09 PM,YouTube,29846,8389,867,347,63,755,8,6/14/2023 10:55:09 PM,Query of My Life
32,4/10/2023 10:55:09 PM,Spotify,25708,30683,2144,255,19,1150,9.1,6/15/2023 10:55:09 PM,Datastream Dreamer
33,5/4/2023 10:55:09 PM,YouTube,20998,18629,2239,146,51,1323,8.4,6/16/2023 10:55:09 PM,Eternal Loop
34,4/16/2023 10:55:09 PM,Spotify,40678,29826,3129,300,73,1446,6.8,6/17/2023 10:55:09 PM,Beyond the Cloud
35,4/18/2023 10:55:09 PM,Spotify,20682,40198,1649,247,30,1160,8.4,6/18/2023 10:55:09 PM,Hit Refresh on Us
1,5/3/2023 10:55:09 PM,Spotify,18519,31630,1864,223,89,598,7.6,6/19/2023 10:55:09 PM,Midnight Velvet
2,4/10/2023 10:55:09 PM,Apple Music,41480,38226,2745,100,85,1087,7.9,6/20/2023 10:55:09 PM,Whispering Giants
3,4/17/2023 10:55:09 PM,Apple Music,29694,37975,3816,346,75,781,6.1,6/21/2023 10:55:09 PM,Neon Rain
4,5/3/2023 10:55:09 PM,YouTube,13300,5899,4705,442,50,1382,6.8,6/22/2023 10:55:09 PM,Echoes of the Forgotten
5,4/20/2023 10:55:09 PM,Spotify,16722,16653,4581,227,33,902,7.1,6/23/2023 10:55:09 PM,Willow and the Wind
6,4/26/2023 10:55:09 PM,Spotify,49986,32961,2393,290,44,608,8.9,6/24/2023 10:55:09 PM,Painted Skies
7,4/17/2023 10:55:09 PM,Apple Music,34160,21405,4937,166,65,1199,6,6/25/2023 10:55:09 PM,Rooftop Reveries
8,5/14/2023 10:55:09 PM,Spotify,30059,13601,2808,103,39,698,7.6,6/26/2023 10:55:09 PM,Lanterns in the Fog
9,5/14/2023 10:55:09 PM,Apple Music,45822,38662,1000,402,66,802,9.7,6/27/2023 10:55:09 PM,Chasing Starlight
10,5/12/2023 10:55:09 PM,Spotify,23575,38282,3184,393,56,826,6.4,6/28/2023 10:55:09 PM,Sapphire Silence
11,4/14/2023 10:55:09 PM,YouTube,17970,26288,2109,242,44,653,8.1,6/29/2023 10:55:09 PM,Love in the Time of Data
12,5/7/2023 10:55:09 PM,Spotify,44911,34545,341,290,28,1051,9.1,6/30/2023 10:55:09 PM,Byte-Sized Affections
13,4/16/2023 10:55:09 PM,Spotify,31591,41877,2485,120,17,1144,9.8,7/1/2023 10:55:09 PM,Cache in My Heart
14,4/18/2023 10:55:09 PM,Apple Music,41821,20313,4368,326,35,904,9,7/2/2023 10:55:09 PM,404 Love Not Found
15,4/17/2023 10:55:09 PM,Spotify,19503,20349,771,412,80,961,8.9,7/3/2023 10:55:09 PM,Syncing Low
16,4/21/2023 10:55:09 PM,Spotify,28922,12179,263,216,39,631,9.3,7/4/2023 10:55:09 PM,Query of My Life
17,5/13/2023 10:55:09 PM,Apple Music,22175,15326,564,401,16,1290,7.8,7/5/2023 10:55:09 PM,Datastream Dreamer
18,5/12/2023 10:55:09 PM,YouTube,31389,6560,3142,241,76,1373,9.2,7/6/2023 10:55:09 PM,Eternal Loop
19,5/2/2023 10:55:09 PM,YouTube,10822,18612,4692,138,74,583,6,7/7/2023 10:55:09 PM,Beyond the Cloud
20,5/3/2023 10:55:09 PM,Apple Music,27327,22650,4895,492,45,898,9.7,7/8/2023 10:55:09 PM,Hit Refresh on Us
21,5/14/2023 10:55:09 PM,Apple Music,16150,31745,2542,454,34,1253,7.8,7/9/2023 10:55:09 PM,Midnight Velvet
22,5/1/2023 10:55:09 PM,Apple Music,14425,36890,4898,351,46,1127,8.2,7/10/2023 10:55:09 PM,Whispering Giants
23,5/6/2023 10:55:09 PM,Apple Music,26032,25022,2455,432,10,608,7,7/11/2023 10:55:09 PM,Neon Rain
24,5/14/2023 10:55:09 PM,Apple Music,12198,9780,4378,306,24,720,9,7/12/2023 10:55:09 PM,Echoes of the Forgotten
25,4/10/2023 10:55:09 PM,YouTube,30079,23311,4824,309,46,1403,6.3,7/13/2023 10:55:09 PM,Willow and the Wind
26,5/14/2023 10:55:09 PM,YouTube,46220,33380,2657,214,22,1052,9.5,7/14/2023 10:55:09 PM,Painted Skies
27,4/23/2023 10:55:09 PM,Apple Music,23859,7356,645,324,17,867,9.3,7/15/2023 10:55:09 PM,Rooftop Reveries
28,4/12/2023 10:55:09 PM,Spotify,41419,9790,4819,233,14,646,6.9,7/16/2023 10:55:09 PM,Lanterns in the Fog
29,4/10/2023 10:55:09 PM,Apple Music,18705,31911,3935,350,69,611,9.2,7/17/2023 10:55:09 PM,Chasing Starlight
30,4/14/2023 10:55:09 PM,Spotify,33236,29363,693,318,82,1114,9.1,7/18/2023 10:55:09 PM,Sapphire Silence
31,5/5/2023 10:55:09 PM,Apple Music,32419,25049,4939,190,10,1057,8.5,7/19/2023 10:55:09 PM,Love in the Time of Data
32,4/23/2023 10:55:09 PM,Apple Music,29978,15181,3904,453,45,1423,7.5,7/20/2023 10:55:09 PM,Byte-Sized Affections
33,5/6/2023 10:55:09 PM,YouTube,47609,44825,1559,475,44,993,7.1,7/21/2023 10:55:09 PM,Cache in My Heart
34,4/18/2023 10:55:09 PM,Spotify,25358,21082,3593,145,75,1004,6.9,7/22/2023 10:55:09 PM,404 Love Not Found
35,4/24/2023 10:55:09 PM,Spotify,44177,5661,2701,137,72,974,7.3,7/23/2023 10:55:09 PM,Syncing Low
1,4/24/2023 10:55:09 PM,YouTube,39378,42412,2544,241,32,1335,9.6,7/24/2023 10:55:09 PM,Query of My Life
2,5/5/2023 10:55:09 PM,YouTube,47334,7920,2772,199,18,1389,6.3,7/25/2023 10:55:09 PM,Datastream Dreamer
3,4/22/2023 10:55:09 PM,YouTube,21382,30658,4300,427,43,770,9.3,7/26/2023 10:55:09 PM,Eternal Loop
4,5/11/2023 10:55:09 PM,YouTube,24596,19025,116,289,55,1494,7.4,7/27/2023 10:55:09 PM,Beyond the Cloud
5,5/11/2023 10:55:09 PM,Spotify,43572,13946,3291,134,87,920,8.1,7/28/2023 10:55:09 PM,Hit Refresh on Us
6,4/13/2023 10:55:09 PM,Spotify,23221,33706,492,246,13,1396,9.2,7/29/2023 10:55:09 PM,Midnight Velvet
7,5/9/2023 10:55:09 PM,Apple Music,11279,44004,524,129,39,1206,9.5,7/30/2023 10:55:09 PM,Whispering Giants
8,5/2/2023 10:55:09 PM,Apple Music,17083,21309,671,433,84,866,7.4,7/31/2023 10:55:09 PM,Neon Rain
9,4/24/2023 10:55:09 PM,YouTube,27771,38120,3731,183,81,779,7.8,8/1/2023 10:55:09 PM,Echoes of the Forgotten
10,5/8/2023 10:55:09 PM,YouTube,39975,35027,1220,468,12,782,7.7,8/2/2023 10:55:09 PM,Willow and the Wind
11,4/22/2023 10:55:09 PM,YouTube,29063,12005,341,380,23,539,6.1,8/3/2023 10:55:09 PM,Painted Skies
12,5/11/2023 10:55:09 PM,Apple Music,12106,5956,3997,443,69,1458,7.2,8/4/2023 10:55:09 PM,Rooftop Reveries
13,4/16/2023 10:55:09 PM,Apple Music,34557,39839,4195,369,86,688,7.8,8/5/2023 10:55:09 PM,Lanterns in the Fog
14,5/1/2023 10:55:09 PM,Apple Music,30607,13595,2379,253,54,663,7.6,8/6/2023 10:55:09 PM,Chasing Starlight
15,5/7/2023 10:55:09 PM,Apple Music,47599,17803,888,201,43,1493,8.9,8/7/2023 10:55:09 PM,Sapphire Silence
16,4/11/2023 10:55:09 PM,Apple Music,38529,30963,814,314,54,1488,7.5,8/8/2023 10:55:09 PM,Love in the Time of Data
17,4/15/2023 10:55:09 PM,Apple Music,45954,41221,4954,249,70,1035,8,8/9/2023 10:55:09 PM,Byte-Sized Affections
18,5/7/2023 10:55:09 PM,Apple Music,37856,44443,2949,182,92,1035,7.7,8/10/2023 10:55:09 PM,Cache in My Heart
19,5/7/2023 10:55:09 PM,YouTube,12573,38723,875,209,25,503,9,8/11/2023 10:55:09 PM,404 Love Not Found
20,4/29/2023 10:55:09 PM,YouTube,22808,44063,4126,486,75,1334,9.5,8/12/2023 10:55:09 PM,Syncing Low
21,5/9/2023 10:55:09 PM,YouTube,45367,20282,2347,374,49,789,8.1,8/13/2023 10:55:09 PM,Query of My Life
22,4/20/2023 10:55:09 PM,YouTube,46801,9703,178,300,26,1452,9.2,8/14/2023 10:55:09 PM,Datastream Dreamer
23,5/7/2023 10:55:09 PM,Apple Music,44072,11563,4026,383,43,932,7.2,8/15/2023 10:55:09 PM,Eternal Loop
24,5/4/2023 10:55:09 PM,Spotify,33752,30849,955,272,25,970,8.2,8/16/2023 10:55:09 PM,Beyond the Cloud
25,5/12/2023 10:55:09 PM,Apple Music,27685,36860,2248,426,69,680,7.4,8/17/2023 10:55:09 PM,Hit Refresh on Us
26,4/10/2023 10:55:09 PM,Spotify,21372,36585,1131,305,75,747,7.7,8/18/2023 10:55:09 PM,Midnight Velvet
27,5/6/2023 10:55:09 PM,YouTube,18996,27015,3371,162,75,1127,8.9,8/19/2023 10:55:09 PM,Whispering Giants
28,4/22/2023 10:55:09 PM,Apple Music,26458,17003,3676,172,99,778,9.5,8/20/2023 10:55:09 PM,Neon Rain
29,4/12/2023 10:55:09 PM,YouTube,41889,31958,4282,350,22,1376,6.5,8/21/2023 10:55:09 PM,Echoes of the Forgotten
30,4/15/2023 10:55:09 PM,Apple Music,36665,31017,3556,223,65,1080,8.5,8/22/2023 10:55:09 PM,Willow and the Wind
31,4/17/2023 10:55:09 PM,YouTube,48243,16171,3606,474,40,1362,8.3,8/23/2023 10:55:09 PM,Painted Skies
32,5/6/2023 10:55:09 PM,Spotify,41653,17201,507,220,43,753,6.5,8/24/2023 10:55:09 PM,Rooftop Reveries
33,4/18/2023 10:55:09 PM,Spotify,36657,34426,2811,374,48,680,6.8,8/25/2023 10:55:09 PM,Lanterns in the Fog
34,5/12/2023 10:55:09 PM,Spotify,49952,22778,3188,497,76,1329,7.2,8/26/2023 10:55:09 PM,Chasing Starlight
35,5/3/2023 10:55:09 PM,Apple Music,32180,26116,1768,219,17,1180,6.7,8/27/2023 10:55:09 PM,Sapphire Silence
1,4/24/2023 10:55:09 PM,Spotify,41896,38297,247,416,96,1324,7,8/28/2023 10:55:09 PM,Love in the Time of Data
2,5/11/2023 10:55:09 PM,Apple Music,22875,24342,4427,263,87,1008,7.1,8/29/2023 10:55:09 PM,Byte-Sized Affections
3,5/11/2023 10:55:09 PM,Spotify,11622,32490,3997,385,64,1260,7.3,8/30/2023 10:55:09 PM,Cache in My Heart
4,5/3/2023 10:55:09 PM,Spotify,26725,24975,2050,364,36,1199,9,8/31/2023 10:55:09 PM,404 Love Not Found
5,4/21/2023 10:55:09 PM,Apple Music,25646,31723,465,419,62,1065,8.3,9/1/2023 10:55:09 PM,Syncing Low
6,4/11/2023 10:55:09 PM,Apple Music,27029,28279,1774,260,48,825,9.9,9/2/2023 10:55:09 PM,Query of My Life
7,4/12/2023 10:55:09 PM,Spotify,39402,17765,4631,475,74,856,7.7,9/3/2023 10:55:09 PM,Datastream Dreamer
8,4/26/2023 10:55:09 PM,Apple Music,14263,16561,4594,407,26,1324,9,9/4/2023 10:55:09 PM,Eternal Loop
9,4/11/2023 10:55:09 PM,Spotify,40987,5525,2646,188,39,1149,9.5,9/5/2023 10:55:09 PM,Beyond the Cloud
10,4/11/2023 10:55:09 PM,Apple Music,18646,27861,662,241,62,1179,8.7,9/6/2023 10:55:09 PM,Hit Refresh on Us
11,5/7/2023 10:55:09 PM,YouTube,37529,38142,3662,302,22,890,7.6,9/7/2023 10:55:09 PM,Midnight Velvet
12,5/2/2023 10:55:09 PM,YouTube,21664,31916,2589,408,30,1114,9,9/8/2023 10:55:09 PM,Whispering Giants
13,5/11/2023 10:55:09 PM,YouTube,45737,9648,872,326,28,1433,6.8,9/9/2023 10:55:09 PM,Neon Rain
14,5/12/2023 10:55:09 PM,YouTube,45796,40133,2137,433,62,584,7.3,9/10/2023 10:55:09 PM,Echoes of the Forgotten
15,4/10/2023 10:55:09 PM,YouTube,34027,35523,3523,321,28,816,8.2,9/11/2023 10:55:09 PM,Willow and the Wind
16,4/28/2023 10:55:09 PM,Spotify,39373,34052,2667,140,66,711,8.3,9/12/2023 10:55:09 PM,Painted Skies
17,4/11/2023 10:55:09 PM,YouTube,46397,39414,1673,295,34,1014,6.1,9/13/2023 10:55:09 PM,Rooftop Reveries
18,5/5/2023 10:55:09 PM,YouTube,30609,37781,3794,167,95,883,9.8,9/14/2023 10:55:09 PM,Lanterns in the Fog
19,5/11/2023 10:55:09 PM,YouTube,45835,9599,3391,363,40,1190,8.8,9/15/2023 10:55:09 PM,Chasing Starlight
20,4/15/2023 10:55:09 PM,YouTube,48709,40046,1346,101,90,841,8,9/16/2023 10:55:09 PM,Sapphire Silence
21,5/11/2023 10:55:09 PM,Apple Music,29250,40923,3819,460,64,1314,9.7,9/17/2023 10:55:09 PM,Love in the Time of Data
22,4/13/2023 10:55:09 PM,Spotify,31172,8814,3939,224,32,1463,7.8,9/18/2023 10:55:09 PM,Byte-Sized Affections
23,4/20/2023 10:55:09 PM,YouTube,21555,40984,459,209,41,1487,9.9,9/19/2023 10:55:09 PM,Cache in My Heart
24,4/26/2023 10:55:09 PM,YouTube,31874,31616,2476,185,71,1343,8,9/20/2023 10:55:09 PM,404 Love Not Found
25,5/3/2023 10:55:09 PM,YouTube,23081,7113,3109,219,83,537,6.5,9/21/2023 10:55:09 PM,Syncing Low
26,4/14/2023 10:55:09 PM,Spotify,34063,18760,3093,226,19,1010,9.1,9/22/2023 10:55:09 PM,Query of My Life
27,5/13/2023 10:55:09 PM,Apple Music,16819,26927,1062,354,81,919,8.7,9/23/2023 10:55:09 PM,Datastream Dreamer
28,4/15/2023 10:55:09 PM,Spotify,35712,25939,3732,282,63,1250,9.1,9/24/2023 10:55:09 PM,Eternal Loop
29,5/1/2023 10:55:09 PM,Apple Music,34762,37419,1927,115,61,668,9.8,9/25/2023 10:55:09 PM,Beyond the Cloud
30,4/20/2023 10:55:09 PM,YouTube,21046,17588,1713,161,29,1464,9.1,9/26/2023 10:55:09 PM,Hit Refresh on Us
31,4/25/2023 10:55:09 PM,YouTube,41463,41142,1740,468,41,1408,8.4,9/27/2023 10:55:09 PM,Midnight Velvet
32,5/12/2023 10:55:09 PM,Spotify,38769,44198,2316,257,23,842,9.4,9/28/2023 10:55:09 PM,Whispering Giants
33,4/18/2023 10:55:09 PM,Spotify,33150,38397,4412,367,59,1325,8.7,9/29/2023 10:55:09 PM,Neon Rain
34,4/15/2023 10:55:09 PM,Apple Music,12711,21653,477,134,37,805,7.6,9/30/2023 10:55:09 PM,Echoes of the Forgotten
35,4/25/2023 10:55:09 PM,Apple Music,14853,15831,4314,366,62,1041,9.5,10/1/2023 10:55:09 PM,Willow and the Wind
1,5/8/2023 10:55:09 PM,Spotify,39077,10724,4385,163,33,1201,6.9,10/2/2023 10:55:09 PM,Painted Skies
2,4/12/2023 10:55:09 PM,Apple Music,33863,16083,469,149,88,1368,8.9,10/3/2023 10:55:09 PM,Rooftop Reveries
3,4/29/2023 10:55:09 PM,Spotify,31792,24816,2296,354,31,1036,9.5,10/4/2023 10:55:09 PM,Lanterns in the Fog
4,4/28/2023 10:55:09 PM,Apple Music,18942,11276,3847,248,39,611,8.9,10/5/2023 10:55:09 PM,Chasing Starlight
5,5/5/2023 10:55:09 PM,Spotify,11762,43663,751,424,72,910,8.8,10/6/2023 10:55:09 PM,Sapphire Silence
6,4/12/2023 10:55:09 PM,Spotify,41987,18994,869,403,13,1446,9,10/7/2023 10:55:09 PM,Love in the Time of Data
7,4/28/2023 10:55:09 PM,Spotify,25850,28499,2521,375,86,705,7.9,10/8/2023 10:55:09 PM,Byte-Sized Affections
8,4/29/2023 10:55:09 PM,Apple Music,22112,28040,880,456,68,684,9.5,10/9/2023 10:55:09 PM,Cache in My Heart
9,5/11/2023 10:55:09 PM,Apple Music,34058,21959,1816,271,96,881,6.8,10/10/2023 10:55:09 PM,404 Love Not Found
10,4/16/2023 10:55:09 PM,Apple Music,48890,11099,4083,300,17,995,6.5,10/11/2023 10:55:09 PM,Syncing Low
11,5/12/2023 10:55:09 PM,Spotify,10481,24576,1411,492,91,878,7.1,10/12/2023 10:55:09 PM,Query of My Life
12,4/27/2023 10:55:09 PM,Apple Music,42921,40946,3459,423,21,546,8.1,10/13/2023 10:55:09 PM,Datastream Dreamer
13,4/10/2023 10:55:09 PM,Apple Music,11524,11116,622,134,40,1385,8,10/14/2023 10:55:09 PM,Eternal Loop
14,4/20/2023 10:55:09 PM,Spotify,44888,20563,621,315,87,1239,9.3,10/15/2023 10:55:09 PM,Beyond the Cloud
15,5/7/2023 10:55:09 PM,YouTube,25048,31788,4978,164,43,1050,7.6,10/16/2023 10:55:09 PM,Hit Refresh on Us
16,5/4/2023 10:55:09 PM,Spotify,45111,31928,2420,107,91,1027,7.9,10/17/2023 10:55:09 PM,Midnight Velvet
17,5/2/2023 10:55:09 PM,Apple Music,47904,41336,1035,400,84,1003,6.1,10/18/2023 10:55:09 PM,Whispering Giants
18,5/10/2023 10:55:09 PM,Spotify,44008,14847,2330,442,85,521,7.6,10/19/2023 10:55:09 PM,Neon Rain
19,5/9/2023 10:55:09 PM,YouTube,10060,31155,4140,431,58,712,8.6,10/20/2023 10:55:09 PM,Echoes of the Forgotten
20,5/14/2023 10:55:09 PM,Spotify,19130,19135,4683,175,88,809,6.1,10/21/2023 10:55:09 PM,Willow and the Wind
21,4/16/2023 10:55:09 PM,Apple Music,28023,22774,3797,273,66,1160,7.1,10/22/2023 10:55:09 PM,Painted Skies
22,4/25/2023 10:55:09 PM,YouTube,23350,6742,2937,146,35,1467,6.8,10/23/2023 10:55:09 PM,Rooftop Reveries
23,5/5/2023 10:55:09 PM,Apple Music,34354,23309,4183,114,27,1252,6.2,10/24/2023 10:55:09 PM,Lanterns in the Fog
24,4/11/2023 10:55:09 PM,YouTube,38145,5619,2561,460,95,771,7.9,10/25/2023 10:55:09 PM,Chasing Starlight
25,4/10/2023 10:55:09 PM,YouTube,44020,22658,3343,246,47,1070,6.7,10/26/2023 10:55:09 PM,Sapphire Silence
26,4/21/2023 10:55:09 PM,Spotify,30587,39707,3459,125,90,1298,9,10/27/2023 10:55:09 PM,Love in the Time of Data
27,4/14/2023 10:55:09 PM,Spotify,19650,25337,785,407,96,1437,9.4,10/28/2023 10:55:09 PM,Byte-Sized Affections
28,5/11/2023 10:55:09 PM,Apple Music,29933,21001,2260,192,97,701,8.2,10/29/2023 10:55:09 PM,Cache in My Heart
29,4/18/2023 10:55:09 PM,Spotify,30581,5968,4088,331,59,531,9.9,10/30/2023 10:55:09 PM,404 Love Not Found
30,5/14/2023 10:55:09 PM,Spotify,33393,30892,4166,120,17,942,7.8,10/31/2023 10:55:09 PM,Syncing Low
31,4/28/2023 10:55:09 PM,YouTube,33051,30619,1667,406,50,661,8.1,11/1/2023 10:55:09 PM,Query of My Life
32,4/25/2023 10:55:09 PM,Spotify,36212,5281,138,137,15,1266,10,11/2/2023 10:55:09 PM,Datastream Dreamer
33,4/12/2023 10:55:09 PM,YouTube,14090,32420,2644,375,78,753,6.9,11/3/2023 10:55:09 PM,Eternal Loop
34,4/29/2023 10:55:09 PM,YouTube,16960,20360,4975,256,53,1020,9.8,11/4/2023 10:55:09 PM,Beyond the Cloud
35,5/3/2023 10:55:09 PM,YouTube,45772,44030,1356,278,73,1476,6.2,11/5/2023 10:55:09 PM,Hit Refresh on Us
1,5/12/2023 10:55:09 PM,Apple Music,31520,6058,3090,231,38,1150,7.8,11/6/2023 10:55:09 PM,Midnight Velvet
2,5/3/2023 10:55:09 PM,Apple Music,46408,25677,2296,410,37,979,6.3,11/7/2023 10:55:09 PM,Whispering Giants
3,4/20/2023 10:55:09 PM,Apple Music,38470,15724,3568,447,20,509,8.9,11/8/2023 10:55:09 PM,Neon Rain
4,4/17/2023 10:55:09 PM,YouTube,30491,33404,2808,127,74,1225,8.4,11/9/2023 10:55:09 PM,Echoes of the Forgotten
5,4/29/2023 10:55:09 PM,Apple Music,11341,42946,401,359,28,1004,8.8,11/10/2023 10:55:09 PM,Willow and the Wind
6,5/14/2023 10:55:09 PM,Apple Music,34791,44748,746,175,18,1284,7.5,11/11/2023 10:55:09 PM,Painted Skies
7,5/4/2023 10:55:09 PM,Spotify,10338,34856,4858,166,36,1335,7.5,11/12/2023 10:55:09 PM,Rooftop Reveries
8,5/14/2023 10:55:09 PM,Apple Music,15895,14200,1859,441,43,1059,6.2,11/13/2023 10:55:09 PM,Lanterns in the Fog
9,5/4/2023 10:55:09 PM,Apple Music,22254,38997,4451,293,53,935,7.4,11/14/2023 10:55:09 PM,Chasing Starlight
10,5/8/2023 10:55:09 PM,YouTube,21344,30611,697,261,77,610,9.7,11/15/2023 10:55:09 PM,Sapphire Silence
11,4/27/2023 10:55:09 PM,YouTube,11750,40057,761,446,91,652,7.5,11/16/2023 10:55:09 PM,Love in the Time of Data
12,4/27/2023 10:55:09 PM,YouTube,12421,6239,4430,460,24,1134,9.3,11/17/2023 10:55:09 PM,Byte-Sized Affections
13,4/11/2023 10:55:09 PM,YouTube,49887,43138,1468,356,60,1416,9.4,11/18/2023 10:55:09 PM,Cache in My Heart
14,5/14/2023 10:55:09 PM,YouTube,15319,5125,2681,171,22,1368,7.5,11/19/2023 10:55:09 PM,404 Love Not Found
15,4/25/2023 10:55:09 PM,YouTube,25896,28857,3968,186,92,601,8.5,11/20/2023 10:55:09 PM,Syncing Low
16,5/12/2023 10:55:09 PM,Apple Music,21918,20398,3637,361,58,1252,6.4,11/21/2023 10:55:09 PM,Query of My Life
17,4/13/2023 10:55:09 PM,YouTube,35064,11638,4965,313,79,1332,6.4,11/22/2023 10:55:09 PM,Datastream Dreamer
18,5/12/2023 10:55:09 PM,YouTube,37935,11570,4408,252,65,690,6.2,11/23/2023 10:55:09 PM,Eternal Loop
19,4/23/2023 10:55:09 PM,Spotify,47641,8249,4658,309,85,1228,8.3,11/24/2023 10:55:09 PM,Beyond the Cloud
20,4/30/2023 10:55:09 PM,Apple Music,39711,14110,382,160,60,1062,7.7,11/25/2023 10:55:09 PM,Hit Refresh on Us
21,4/29/2023 10:55:09 PM,Apple Music,14806,18605,3778,367,46,1303,8.2,11/26/2023 10:55:09 PM,Midnight Velvet
22,4/17/2023 10:55:09 PM,Apple Music,22182,17115,1586,361,26,580,8.1,11/27/2023 10:55:09 PM,Whispering Giants
23,4/16/2023 10:55:09 PM,YouTube,32297,44062,4182,317,67,988,7.4,11/28/2023 10:55:09 PM,Neon Rain
24,4/12/2023 10:55:09 PM,YouTube,29541,27911,4283,382,96,1394,8.7,11/29/2023 10:55:09 PM,Echoes of the Forgotten
25,4/26/2023 10:55:09 PM,YouTube,38921,43525,560,235,99,587,9,11/30/2023 10:55:09 PM,Willow and the Wind
26,5/12/2023 10:55:09 PM,Spotify,26774,37556,2425,479,38,693,6.1,12/1/2023 10:55:09 PM,Painted Skies
27,4/21/2023 10:55:09 PM,YouTube,47198,17595,3854,461,42,603,6.8,12/2/2023 10:55:09 PM,Rooftop Reveries
28,5/1/2023 10:55:09 PM,Spotify,18820,6969,2568,192,69,1282,8.9,12/3/2023 10:55:09 PM,Lanterns in the Fog
29,5/1/2023 10:55:09 PM,Apple Music,34070,22275,1824,208,98,595,7.5,12/4/2023 10:55:09 PM,Chasing Starlight
30,5/9/2023 10:55:09 PM,YouTube,14232,9470,1476,340,64,922,8.6,12/5/2023 10:55:09 PM,Sapphire Silence
31,4/17/2023 10:55:09 PM,Spotify,21122,15225,2843,454,19,1390,7.4,12/6/2023 10:55:09 PM,Love in the Time of Data
32,5/6/2023 10:55:09 PM,Spotify,25023,28196,614,241,56,697,7.6,12/7/2023 10:55:09 PM,Byte-Sized Affections
33,5/6/2023 10:55:09 PM,YouTube,18007,18669,802,390,32,500,6.6,12/8/2023 10:55:09 PM,Cache in My Heart
34,5/13/2023 10:55:09 PM,Apple Music,27905,42380,1753,336,94,906,7,12/9/2023 10:55:09 PM,404 Love Not Found
35,4/30/2023 10:55:09 PM,Apple Music,39398,43006,2166,439,30,877,8.4,12/10/2023 10:55:09 PM,Syncing Low
1,5/9/2023 10:55:09 PM,Apple Music,44268,20577,122,411,22,666,7.7,12/11/2023 10:55:09 PM,Query of My Life
2,5/12/2023 10:55:09 PM,Spotify,16737,27473,2560,276,42,1008,9.1,12/12/2023 10:55:09 PM,Datastream Dreamer
3,5/7/2023 10:55:09 PM,Spotify,46062,33625,1404,240,33,1137,9.4,12/13/2023 10:55:09 PM,Eternal Loop
4,5/12/2023 10:55:09 PM,Spotify,35510,20504,3400,288,20,812,8.2,12/14/2023 10:55:09 PM,Beyond the Cloud
5,4/14/2023 10:55:09 PM,Spotify,29426,29089,461,148,26,1092,9,12/15/2023 10:55:09 PM,Hit Refresh on Us
6,4/28/2023 10:55:09 PM,Apple Music,47265,41487,3827,401,77,917,7.2,12/16/2023 10:55:09 PM,Midnight Velvet
7,4/13/2023 10:55:09 PM,YouTube,27850,5302,1384,468,56,1262,7.7,12/17/2023 10:55:09 PM,Whispering Giants
8,5/14/2023 10:55:09 PM,Spotify,10614,36463,614,289,34,1180,8.9,12/18/2023 10:55:09 PM,Neon Rain
9,4/26/2023 10:55:09 PM,Spotify,31776,34259,548,235,82,976,7.5,12/19/2023 10:55:09 PM,Echoes of the Forgotten
10,5/7/2023 10:55:09 PM,Apple Music,34077,42208,1955,142,30,572,8.4,12/20/2023 10:55:09 PM,Willow and the Wind
11,5/9/2023 10:55:09 PM,YouTube,19374,35659,3662,479,93,640,6.7,12/21/2023 10:55:09 PM,Painted Skies
12,5/8/2023 10:55:09 PM,YouTube,45435,40840,2620,452,92,1081,8.4,12/22/2023 10:55:09 PM,Rooftop Reveries
13,4/15/2023 10:55:09 PM,Apple Music,40907,36890,3181,189,92,761,9.4,12/23/2023 10:55:09 PM,Lanterns in the Fog
14,5/14/2023 10:55:09 PM,Apple Music,23409,18598,1528,394,21,839,9.5,12/24/2023 10:55:09 PM,Chasing Starlight
15,5/3/2023 10:55:09 PM,YouTube,26514,24508,4067,440,46,807,8.9,12/25/2023 10:55:09 PM,Sapphire Silence
16,5/8/2023 10:55:09 PM,Spotify,39866,18380,1022,344,51,744,9,12/26/2023 10:55:09 PM,Love in the Time of Data
17,5/10/2023 10:55:09 PM,YouTube,12983,31984,3237,291,26,1014,8.2,12/27/2023 10:55:09 PM,Byte-Sized Affections
18,5/14/2023 10:55:09 PM,Apple Music,41705,13125,2259,417,57,836,8.3,12/28/2023 10:55:09 PM,Cache in My Heart
19,5/12/2023 10:55:09 PM,Spotify,30662,41059,2647,205,37,1074,6.5,12/29/2023 10:55:09 PM,404 Love Not Found
20,4/30/2023 10:55:09 PM,Spotify,33510,9033,3079,462,50,1060,7.8,12/30/2023 10:55:09 PM,Syncing Low
21,5/11/2023 10:55:09 PM,Apple Music,22651,42873,2381,409,56,575,7.8,12/31/2023 10:55:09 PM,Query of My Life
22,5/2/2023 10:55:09 PM,Apple Music,38535,22087,2749,481,27,1379,9.8,1/1/2024 10:55:09 PM,Datastream Dreamer
23,5/12/2023 10:55:09 PM,Apple Music,16640,10704,413,332,87,674,7.7,1/2/2024 10:55:09 PM,Eternal Loop
24,4/12/2023 10:55:09 PM,YouTube,25317,12848,2713,364,80,608,8.2,1/3/2024 10:55:09 PM,Beyond the Cloud
25,4/27/2023 10:55:09 PM,YouTube,17564,26592,3183,443,22,682,8.1,1/4/2024 10:55:09 PM,Hit Refresh on Us
26,5/4/2023 10:55:09 PM,Spotify,37345,11924,2356,136,91,691,8.5,1/5/2024 10:55:09 PM,Midnight Velvet
27,5/10/2023 10:55:09 PM,Apple Music,38687,32208,1137,404,22,564,9,1/6/2024 10:55:09 PM,Whispering Giants
28,4/12/2023 10:55:09 PM,Spotify,23737,24614,3589,140,40,1348,6.9,1/7/2024 10:55:09 PM,Neon Rain
29,5/3/2023 10:55:09 PM,Spotify,19323,5488,2734,116,11,1462,8.1,1/8/2024 10:55:09 PM,Echoes of the Forgotten
30,5/11/2023 10:55:09 PM,Spotify,25229,44882,4083,443,25,973,9.3,1/9/2024 10:55:09 PM,Willow and the Wind
31,5/1/2023 10:55:09 PM,Spotify,18502,30923,1878,376,18,1282,7.9,1/10/2024 10:55:09 PM,Painted Skies
32,5/2/2023 10:55:09 PM,Apple Music,10545,40941,3995,406,82,599,7.1,1/11/2024 10:55:09 PM,Rooftop Reveries
33,4/11/2023 10:55:09 PM,Spotify,47114,34165,1224,158,47,1043,8.6,1/12/2024 10:55:09 PM,Lanterns in the Fog
34,5/6/2023 10:55:09 PM,Apple Music,39430,6667,797,282,84,1363,9.3,1/13/2024 10:55:09 PM,Chasing Starlight
35,4/11/2023 10:55:09 PM,Apple Music,19996,31213,2279,140,63,627,6.3,1/14/2024 10:55:09 PM,Sapphire Silence
1,5/5/2023 10:55:09 PM,YouTube,37788,9114,1504,138,65,951,9.1,1/15/2024 10:55:09 PM,Love in the Time of Data
2,4/26/2023 10:55:09 PM,Apple Music,39969,41321,1143,496,95,1413,9.3,1/16/2024 10:55:09 PM,Byte-Sized Affections
3,5/12/2023 10:55:09 PM,YouTube,23919,12761,2029,291,96,868,7.8,1/17/2024 10:55:09 PM,Cache in My Heart
4,4/18/2023 10:55:09 PM,Apple Music,13810,36116,1113,366,54,1350,9.9,1/18/2024 10:55:09 PM,404 Love Not Found
5,5/8/2023 10:55:09 PM,Apple Music,40586,38768,326,246,43,542,9.1,1/19/2024 10:55:09 PM,Syncing Low
6,5/5/2023 10:55:09 PM,Apple Music,49974,30426,1928,494,18,1383,9.1,1/20/2024 10:55:09 PM,Query of My Life
7,5/14/2023 10:55:09 PM,YouTube,26371,22772,2123,432,97,918,9,1/21/2024 10:55:09 PM,Datastream Dreamer
8,5/4/2023 10:55:09 PM,YouTube,39629,43218,2552,226,17,987,6.6,1/22/2024 10:55:09 PM,Eternal Loop
9,5/3/2023 10:55:09 PM,Spotify,18436,8712,2185,145,16,577,6.9,1/23/2024 10:55:09 PM,Beyond the Cloud
10,4/22/2023 10:55:09 PM,YouTube,22984,6367,4383,144,45,1325,7.9,1/24/2024 10:55:09 PM,Hit Refresh on Us
11,4/16/2023 10:55:09 PM,YouTube,43039,31200,1180,100,27,1300,7.1,1/25/2024 10:55:09 PM,Midnight Velvet
12,4/29/2023 10:55:09 PM,YouTube,29895,8726,2420,267,12,769,7.7,1/26/2024 10:55:09 PM,Whispering Giants
13,4/10/2023 10:55:09 PM,YouTube,28155,28616,3290,207,37,1173,9.6,1/27/2024 10:55:09 PM,Neon Rain
14,4/17/2023 10:55:09 PM,Spotify,20616,32723,2730,118,79,1200,9.3,1/28/2024 10:55:09 PM,Echoes of the Forgotten
15,4/25/2023 10:55:09 PM,YouTube,47129,42574,2663,431,53,1258,8.5,1/29/2024 10:55:09 PM,Willow and the Wind
16,4/23/2023 10:55:09 PM,Apple Music,49837,39958,3392,171,30,1399,9.4,1/30/2024 10:55:09 PM,Painted Skies
17,4/21/2023 10:55:09 PM,Apple Music,34574,14108,4721,208,37,1227,9.1,1/31/2024 10:55:09 PM,Rooftop Reveries
18,5/2/2023 10:55:09 PM,YouTube,13430,17178,3686,367,63,814,7.7,2/1/2024 10:55:09 PM,Lanterns in the Fog
19,4/24/2023 10:55:09 PM,YouTube,22676,40643,4531,339,63,1424,6.8,2/2/2024 10:55:09 PM,Chasing Starlight
20,5/7/2023 10:55:09 PM,Apple Music,20816,36324,3047,400,74,1350,8.1,2/3/2024 10:55:09 PM,Sapphire Silence
21,5/13/2023 10:55:09 PM,Apple Music,42733,43360,4059,189,30,1401,8.9,2/4/2024 10:55:09 PM,Love in the Time of Data
22,4/11/2023 10:55:09 PM,Spotify,30144,22824,2913,202,22,1388,7.7,2/5/2024 10:55:09 PM,Byte-Sized Affections
23,5/11/2023 10:55:09 PM,Apple Music,12050,13927,2683,349,66,1492,8.7,2/6/2024 10:55:09 PM,Cache in My Heart
24,5/2/2023 10:55:09 PM,Apple Music,43933,33144,261,107,58,1444,6.4,2/7/2024 10:55:09 PM,404 Love Not Found
25,5/1/2023 10:55:09 PM,YouTube,34951,36010,693,252,63,667,9,2/8/2024 10:55:09 PM,Syncing Low
26,5/4/2023 10:55:09 PM,Apple Music,42413,27443,3359,446,19,838,9.3,2/9/2024 10:55:09 PM,Query of My Life
27,5/1/2023 10:55:09 PM,Spotify,44801,19437,4255,273,62,692,8.8,2/10/2024 10:55:09 PM,Datastream Dreamer
28,5/1/2023 10:55:09 PM,Apple Music,42913,44778,3062,442,53,952,9.9,2/11/2024 10:55:09 PM,Eternal Loop
29,4/15/2023 10:55:09 PM,YouTube,35280,16207,3988,257,56,782,9.3,2/12/2024 10:55:09 PM,Beyond the Cloud
30,4/24/2023 10:55:09 PM,YouTube,34557,30537,3490,314,62,835,9.6,2/13/2024 10:55:09 PM,Hit Refresh on Us
31,5/12/2023 10:55:09 PM,Apple Music,45400,40757,4601,276,83,889,9.7,2/14/2024 10:55:09 PM,Midnight Velvet
32,4/17/2023 10:55:09 PM,YouTube,14494,17040,763,274,55,1499,9.2,2/15/2024 10:55:09 PM,Whispering Giants
33,4/14/2023 10:55:09 PM,Spotify,25152,27612,1232,439,22,1024,8.7,2/16/2024 10:55:09 PM,Neon Rain
34,4/13/2023 10:55:09 PM,Spotify,33895,33441,641,437,46,739,6,2/17/2024 10:55:09 PM,Echoes of the Forgotten
35,4/15/2023 10:55:09 PM,Apple Music,19155,11471,3074,245,33,1331,7.9,2/18/2024 10:55:09 PM,Willow and the Wind
1,5/11/2023 10:55:09 PM,Apple Music,41883,40631,967,423,11,1457,8.3,2/19/2024 10:55:09 PM,Painted Skies
2,5/9/2023 10:55:09 PM,Apple Music,11828,31523,2166,260,95,982,7.2,2/20/2024 10:55:09 PM,Rooftop Reveries
3,5/14/2023 10:55:09 PM,YouTube,42123,36348,531,226,90,1158,7.3,2/21/2024 10:55:09 PM,Lanterns in the Fog
4,4/25/2023 10:55:09 PM,Spotify,47573,6177,4935,181,23,1215,9.8,2/22/2024 10:55:09 PM,Chasing Starlight
5,4/22/2023 10:55:09 PM,Spotify,10806,9760,4378,246,19,1091,9.6,2/23/2024 10:55:09 PM,Sapphire Silence
6,5/9/2023 10:55:09 PM,YouTube,39757,37779,1306,338,44,1390,9.4,2/24/2024 10:55:09 PM,Love in the Time of Data
7,4/28/2023 10:55:09 PM,Spotify,44636,26636,2628,183,34,1054,7.6,2/25/2024 10:55:09 PM,Byte-Sized Affections
8,4/26/2023 10:55:09 PM,Apple Music,24561,21353,1269,212,12,957,6.1,2/26/2024 10:55:09 PM,Cache in My Heart
9,4/28/2023 10:55:09 PM,Apple Music,34262,16556,930,324,26,588,6.3,2/27/2024 10:55:09 PM,404 Love Not Found
10,5/7/2023 10:55:09 PM,Apple Music,24899,32598,1751,431,21,1159,7.2,2/28/2024 10:55:09 PM,Syncing Low
11,5/5/2023 10:55:09 PM,Spotify,25934,16563,1236,477,63,594,6.1,2/29/2024 10:55:09 PM,Query of My Life
12,5/5/2023 10:55:09 PM,Apple Music,48197,13234,2910,342,33,951,6.1,3/1/2024 10:55:09 PM,Datastream Dreamer
13,5/2/2023 10:55:09 PM,YouTube,46332,30519,575,242,38,927,9.7,3/2/2024 10:55:09 PM,Eternal Loop
14,4/18/2023 10:55:09 PM,YouTube,44157,31966,2910,140,52,650,8.8,3/3/2024 10:55:09 PM,Beyond the Cloud
15,4/21/2023 10:55:09 PM,Spotify,21593,21173,1426,357,34,1013,7.2,3/4/2024 10:55:09 PM,Hit Refresh on Us
16,4/10/2023 10:55:09 PM,YouTube,27320,31987,1119,384,69,875,6.5,3/5/2024 10:55:09 PM,Midnight Velvet
17,4/10/2023 10:55:09 PM,YouTube,37376,18178,1936,204,99,521,8,3/6/2024 10:55:09 PM,Whispering Giants
18,5/13/2023 10:55:09 PM,Spotify,24199,44338,4356,301,74,1382,6,3/7/2024 10:55:09 PM,Neon Rain
19,5/11/2023 10:55:09 PM,Apple Music,25876,29596,2548,406,93,812,9.8,3/8/2024 10:55:09 PM,Echoes of the Forgotten
20,5/4/2023 10:55:09 PM,Apple Music,18245,38174,4393,430,37,1496,7.7,3/9/2024 10:55:09 PM,Willow and the Wind
21,4/10/2023 10:55:09 PM,Apple Music,17214,9431,1383,365,25,1339,7.6,3/10/2024 10:55:09 PM,Painted Skies
22,4/25/2023 10:55:09 PM,Spotify,10726,32764,759,497,56,1018,7.6,3/11/2024 10:55:09 PM,Rooftop Reveries
23,4/14/2023 10:55:09 PM,YouTube,21362,26627,2110,309,90,705,6.3,3/12/2024 10:55:09 PM,Lanterns in the Fog
24,5/1/2023 10:55:09 PM,Apple Music,28297,44310,498,150,67,1451,8.6,3/13/2024 10:55:09 PM,Chasing Starlight
25,5/8/2023 10:55:09 PM,Apple Music,40448,13906,1833,217,85,874,8.9,3/14/2024 10:55:09 PM,Sapphire Silence
26,4/12/2023 10:55:09 PM,Spotify,36172,41914,2225,300,36,950,8.7,3/15/2024 10:55:09 PM,Love in the Time of Data
27,4/21/2023 10:55:09 PM,Apple Music,17657,18076,2271,476,62,1125,6.6,3/16/2024 10:55:09 PM,Byte-Sized Affections
28,5/5/2023 10:55:09 PM,Spotify,28850,42650,174,138,51,1283,8.3,3/17/2024 10:55:09 PM,Cache in My Heart
29,4/25/2023 10:55:09 PM,YouTube,35425,11012,4797,127,68,1094,8.3,3/18/2024 10:55:09 PM,404 Love Not Found
30,5/1/2023 10:55:09 PM,Spotify,36685,12151,3571,358,56,678,9.5,3/19/2024 10:55:09 PM,Syncing Low
31,5/8/2023 10:55:09 PM,Spotify,34578,33211,936,183,43,709,7.5,3/20/2024 10:55:09 PM,Query of My Life
32,4/23/2023 10:55:09 PM,Spotify,38831,32117,599,254,46,999,7.5,3/21/2024 10:55:09 PM,Datastream Dreamer
33,5/7/2023 10:55:09 PM,Spotify,17906,41378,237,216,15,963,8.5,3/22/2024 10:55:09 PM,Eternal Loop
34,4/14/2023 10:55:09 PM,YouTube,17287,11894,2197,101,16,1339,8.5,3/23/2024 10:55:09 PM,Beyond the Cloud
35,5/9/2023 10:55:09 PM,YouTube,43660,18467,3796,192,34,623,7.9,3/24/2024 10:55:09 PM,Hit Refresh on Us
1,4/14/2023 10:55:09 PM,Apple Music,20222,36010,1985,265,42,1492,7.8,3/25/2024 10:55:09 PM,Midnight Velvet
2,4/21/2023 10:55:09 PM,YouTube,47443,17289,2857,486,64,612,8,3/26/2024 10:55:09 PM,Whispering Giants
3,4/25/2023 10:55:09 PM,YouTube,44701,28171,4020,499,67,511,9.4,3/27/2024 10:55:09 PM,Neon Rain
4,5/5/2023 10:55:09 PM,Apple Music,27764,39905,2000,449,16,625,7.8,3/28/2024 10:55:09 PM,Echoes of the Forgotten
5,5/5/2023 10:55:09 PM,YouTube,27674,25829,2710,395,66,1064,9.8,3/29/2024 10:55:09 PM,Willow and the Wind
6,4/30/2023 10:55:09 PM,Spotify,28024,39054,4086,357,21,830,8,3/30/2024 10:55:09 PM,Painted Skies
7,5/12/2023 10:55:09 PM,Spotify,33874,34734,1549,180,25,1400,9.8,3/31/2024 10:55:09 PM,Rooftop Reveries
8,5/9/2023 10:55:09 PM,Apple Music,42284,12052,646,367,89,782,9.3,4/1/2024 10:55:09 PM,Lanterns in the Fog
9,5/2/2023 10:55:09 PM,Apple Music,27602,8654,4776,334,52,639,7.4,4/2/2024 10:55:09 PM,Chasing Starlight
10,4/19/2023 10:55:09 PM,Apple Music,47784,28486,2103,420,86,900,9.5,4/3/2024 10:55:09 PM,Sapphire Silence
11,4/14/2023 10:55:09 PM,Spotify,33265,23743,2196,410,16,1401,6.4,4/4/2024 10:55:09 PM,Love in the Time of Data
12,5/13/2023 10:55:09 PM,YouTube,35931,29489,803,400,60,596,9.7,4/5/2024 10:55:09 PM,Byte-Sized Affections
13,5/10/2023 10:55:09 PM,Spotify,38841,13636,2503,456,82,1016,8.5,4/6/2024 10:55:09 PM,Cache in My Heart
14,4/19/2023 10:55:09 PM,Apple Music,39192,11441,1725,312,41,1068,6.2,4/7/2024 10:55:09 PM,404 Love Not Found
15,4/28/2023 10:55:09 PM,YouTube,25585,29611,3431,161,84,1423,8.6,4/8/2024 10:55:09 PM,Syncing Low
16,5/11/2023 10:55:09 PM,YouTube,35559,17149,4833,148,17,1345,9.9,4/9/2024 10:55:09 PM,Query of My Life
17,4/10/2023 10:55:09 PM,Spotify,43742,39566,3078,226,96,568,6.3,4/10/2024 10:55:09 PM,Datastream Dreamer
18,4/14/2023 10:55:09 PM,Apple Music,14133,26675,4836,322,98,617,8.2,4/11/2024 10:55:09 PM,Eternal Loop
19,4/13/2023 10:55:09 PM,Spotify,24663,10495,2939,378,81,1387,9,4/12/2024 10:55:09 PM,Beyond the Cloud
20,4/25/2023 10:55:09 PM,YouTube,31754,18673,3484,393,54,558,9.2,4/13/2024 10:55:09 PM,Hit Refresh on Us
21,5/3/2023 10:55:09 PM,Spotify,13972,16130,2759,383,95,532,7.7,4/14/2024 10:55:09 PM,Midnight Velvet
22,4/25/2023 10:55:09 PM,Spotify,15295,27668,1961,376,68,817,6.8,4/15/2024 10:55:09 PM,Whispering Giants
23,4/11/2023 10:55:09 PM,Apple Music,39125,20222,2956,206,13,549,6.2,4/16/2024 10:55:09 PM,Neon Rain
24,5/7/2023 10:55:09 PM,Apple Music,19903,28669,785,245,76,1379,8.3,4/17/2024 10:55:09 PM,Echoes of the Forgotten
25,5/11/2023 10:55:09 PM,YouTube,13020,39068,4383,198,38,988,7.8,4/18/2024 10:55:09 PM,Willow and the Wind
26,5/6/2023 10:55:09 PM,Spotify,30420,28253,1719,474,38,518,9.8,4/19/2024 10:55:09 PM,Painted Skies
27,4/29/2023 10:55:09 PM,Spotify,31452,14435,4743,172,37,1225,6.2,4/20/2024 10:55:09 PM,Rooftop Reveries
28,5/3/2023 10:55:09 PM,Spotify,48001,33552,1531,221,86,696,8.7,4/21/2024 10:55:09 PM,Lanterns in the Fog
29,4/21/2023 10:55:09 PM,YouTube,19516,42384,975,129,88,1390,6.1,4/22/2024 10:55:09 PM,Chasing Starlight
30,5/14/2023 10:55:09 PM,YouTube,12396,21393,4813,287,96,949,6.7,4/23/2024 10:55:09 PM,Sapphire Silence
31,5/12/2023 10:55:09 PM,Apple Music,28546,15617,2561,463,53,1489,7.8,4/24/2024 10:55:09 PM,Love in the Time of Data
32,5/12/2023 10:55:09 PM,Apple Music,29129,43520,1465,453,99,1058,7.8,4/25/2024 10:55:09 PM,Byte-Sized Affections
33,4/21/2023 10:55:09 PM,Apple Music,11591,14852,1343,387,13,1178,8.7,4/26/2024 10:55:09 PM,Cache in My Heart
34,4/12/2023 10:55:09 PM,Spotify,21303,36401,262,294,99,951,9.6,4/27/2024 10:55:09 PM,404 Love Not Found
35,4/10/2023 10:55:09 PM,Spotify,40561,11295,2074,255,18,788,8.6,4/28/2024 10:55:09 PM,Syncing Low
1,5/12/2023 10:55:09 PM,Apple Music,16183,40993,3391,271,14,640,9.8,4/29/2024 10:55:09 PM,Query of My Life
2,4/19/2023 10:55:09 PM,Spotify,36572,39084,369,434,65,583,9.5,4/30/2024 10:55:09 PM,Datastream Dreamer
3,5/8/2023 10:55:09 PM,Apple Music,44080,44575,731,140,93,1193,8.3,5/1/2024 10:55:09 PM,Eternal Loop
4,4/22/2023 10:55:09 PM,YouTube,30695,41451,1005,162,59,890,9.3,5/2/2024 10:55:09 PM,Beyond the Cloud
5,4/21/2023 10:55:09 PM,Apple Music,17314,12227,3571,122,84,1090,8.6,5/3/2024 10:55:09 PM,Hit Refresh on Us
6,5/10/2023 10:55:09 PM,YouTube,29623,36910,3353,459,24,714,6.3,5/4/2024 10:55:09 PM,Midnight Velvet
7,4/11/2023 10:55:09 PM,Spotify,12139,41041,2114,174,41,1025,9,5/5/2024 10:55:09 PM,Whispering Giants
8,5/14/2023 10:55:09 PM,Apple Music,41290,28384,1741,147,37,714,6.4,5/6/2024 10:55:09 PM,Neon Rain
9,5/2/2023 10:55:09 PM,Spotify,28088,5145,304,259,31,902,8.4,5/7/2024 10:55:09 PM,Echoes of the Forgotten
10,4/26/2023 10:55:09 PM,YouTube,49692,42778,681,412,26,627,8.8,5/8/2024 10:55:09 PM,Willow and the Wind
11,5/5/2023 10:55:09 PM,YouTube,43130,21035,940,217,68,1321,6.3,5/9/2024 10:55:09 PM,Painted Skies
12,4/17/2023 10:55:09 PM,YouTube,42088,8040,1819,199,99,976,6.9,5/10/2024 10:55:09 PM,Rooftop Reveries
13,5/8/2023 10:55:09 PM,Spotify,36292,31160,2743,479,80,1259,9.7,5/11/2024 10:55:09 PM,Lanterns in the Fog
14,5/5/2023 10:55:09 PM,Spotify,30670,22633,2397,266,66,903,8.5,5/12/2024 10:55:09 PM,Chasing Starlight
15,4/19/2023 10:55:09 PM,Spotify,13738,34344,974,389,35,528,7,5/13/2024 10:55:09 PM,Sapphire Silence
16,5/5/2023 10:55:09 PM,Spotify,12469,22014,789,255,34,1291,8.8,5/14/2024 10:55:09 PM,Love in the Time of Data
17,5/13/2023 10:55:09 PM,YouTube,32534,19996,4100,106,19,837,8.4,5/15/2024 10:55:09 PM,Byte-Sized Affections
18,4/16/2023 10:55:09 PM,YouTube,19017,16695,3241,295,54,1330,8,5/16/2024 10:55:09 PM,Cache in My Heart
19,4/13/2023 10:55:09 PM,Apple Music,12808,7852,1522,155,92,1213,9.9,5/17/2024 10:55:09 PM,404 Love Not Found
20,4/20/2023 10:55:09 PM,Apple Music,22713,21014,771,420,20,860,8.7,5/18/2024 10:55:09 PM,Syncing Low
21,5/8/2023 10:55:09 PM,Spotify,12719,32042,1271,292,86,1068,7.5,5/19/2024 10:55:09 PM,Query of My Life
22,5/4/2023 10:55:09 PM,YouTube,32890,38755,3826,146,62,891,9.2,5/20/2024 10:55:09 PM,Datastream Dreamer
23,4/30/2023 10:55:09 PM,YouTube,21700,28711,1043,247,81,717,9.5,5/21/2024 10:55:09 PM,Eternal Loop
24,4/19/2023 10:55:09 PM,YouTube,46509,31122,1549,374,77,1073,6.5,5/22/2024 10:55:09 PM,Beyond the Cloud
25,4/18/2023 10:55:09 PM,Apple Music,46766,14160,3837,256,37,1168,6.8,5/23/2024 10:55:09 PM,Hit Refresh on Us
26,5/3/2023 10:55:09 PM,Apple Music,36705,32213,2639,301,84,701,6.9,5/24/2024 10:55:09 PM,Midnight Velvet
27,5/14/2023 10:55:09 PM,YouTube,28787,44420,4059,225,74,516,8.8,5/25/2024 10:55:09 PM,Whispering Giants
28,5/14/2023 10:55:09 PM,YouTube,36588,12421,4360,494,58,821,8.4,5/26/2024 10:55:09 PM,Neon Rain
29,4/27/2023 10:55:09 PM,YouTube,36123,26400,2461,404,56,1017,8.5,5/27/2024 10:55:09 PM,Echoes of the Forgotten
30,5/11/2023 10:55:09 PM,Apple Music,43062,38537,3752,468,61,1069,9.8,5/28/2024 10:55:09 PM,Willow and the Wind
31,5/3/2023 10:55:09 PM,YouTube,20177,22727,3770,393,97,824,9.1,5/29/2024 10:55:09 PM,Painted Skies
32,5/2/2023 10:55:09 PM,YouTube,31727,9358,1853,163,63,911,6.5,5/30/2024 10:55:09 PM,Rooftop Reveries
33,5/11/2023 10:55:09 PM,Spotify,40220,33482,2452,424,69,817,7.4,5/31/2024 10:55:09 PM,Lanterns in the Fog
34,4/21/2023 10:55:09 PM,Spotify,19882,37117,2038,491,66,1180,7.7,6/1/2024 10:55:09 PM,Chasing Starlight
35,4/22/2023 10:55:09 PM,Apple Music,11136,28164,470,275,56,1464,7.6,6/2/2024 10:55:09 PM,Sapphire Silence
1,5/2/2023 10:55:09 PM,YouTube,44832,36910,4579,215,40,581,8.7,6/3/2024 10:55:09 PM,Love in the Time of Data
2,5/4/2023 10:55:09 PM,YouTube,41966,37496,2031,303,55,973,9.6,6/4/2024 10:55:09 PM,Byte-Sized Affections
3,5/14/2023 10:55:09 PM,Spotify,17009,34371,524,420,35,967,7.2,6/5/2024 10:55:09 PM,Cache in My Heart
4,5/9/2023 10:55:09 PM,Apple Music,22987,43467,4824,130,14,924,8.2,6/6/2024 10:55:09 PM,404 Love Not Found
5,4/26/2023 10:55:09 PM,Spotify,47311,22625,994,487,93,1444,9.2,6/7/2024 10:55:09 PM,Syncing Low
6,4/29/2023 10:55:09 PM,Spotify,41575,38893,697,212,61,1230,7.7,6/8/2024 10:55:09 PM,Query of My Life
7,5/4/2023 10:55:09 PM,Spotify,11007,15793,3162,464,84,1188,6.7,6/9/2024 10:55:09 PM,Datastream Dreamer
8,5/1/2023 10:55:09 PM,Spotify,15445,36007,2436,424,63,703,7.9,6/10/2024 10:55:09 PM,Eternal Loop
9,4/22/2023 10:55:09 PM,YouTube,20706,30766,4788,475,42,1082,6.2,6/11/2024 10:55:09 PM,Beyond the Cloud
10,4/28/2023 10:55:09 PM,YouTube,39257,44532,1787,443,59,886,9.8,6/12/2024 10:55:09 PM,Hit Refresh on Us
11,4/21/2023 10:55:09 PM,Spotify,31736,17323,672,166,47,1277,6.3,6/13/2024 10:55:09 PM,Midnight Velvet
12,4/28/2023 10:55:09 PM,Apple Music,23281,12843,2190,174,36,597,7.8,6/14/2024 10:55:09 PM,Whispering Giants
13,4/21/2023 10:55:09 PM,Apple Music,11435,19210,3769,144,24,844,8.1,6/15/2024 10:55:09 PM,Neon Rain
14,4/18/2023 10:55:09 PM,Apple Music,43339,21456,4372,359,70,1302,9.9,6/16/2024 10:55:09 PM,Echoes of the Forgotten
15,4/16/2023 10:55:09 PM,Apple Music,45150,36367,4724,253,30,707,6.7,6/17/2024 10:55:09 PM,Willow and the Wind
16,5/7/2023 10:55:09 PM,Spotify,35821,15106,1733,254,55,1013,6.5,6/18/2024 10:55:09 PM,Painted Skies
17,4/23/2023 10:55:09 PM,YouTube,36660,42957,1617,462,78,1135,6,6/19/2024 10:55:09 PM,Rooftop Reveries
18,5/10/2023 10:55:09 PM,Apple Music,15084,7472,4393,333,15,1291,6.6,6/20/2024 10:55:09 PM,Lanterns in the Fog
19,4/28/2023 10:55:09 PM,Spotify,26661,11704,2757,150,47,1085,6.8,6/21/2024 10:55:09 PM,Chasing Starlight
20,4/25/2023 10:55:09 PM,Apple Music,23507,8713,3748,405,71,665,8.5,6/22/2024 10:55:09 PM,Sapphire Silence
21,4/14/2023 10:55:09 PM,Apple Music,17059,10051,3688,361,95,521,6.9,6/23/2024 10:55:09 PM,Love in the Time of Data
22,5/14/2023 10:55:09 PM,Spotify,28271,15756,1637,414,71,653,6.1,6/24/2024 10:55:09 PM,Byte-Sized Affections
23,4/21/2023 10:55:09 PM,YouTube,17491,7475,3237,224,91,1438,9.3,6/25/2024 10:55:09 PM,Cache in My Heart
24,5/4/2023 10:55:09 PM,YouTube,24859,41378,197,498,87,938,7.5,6/26/2024 10:55:09 PM,404 Love Not Found
25,4/30/2023 10:55:09 PM,Spotify,18073,9255,3315,344,83,794,7.4,6/27/2024 10:55:09 PM,Syncing Low
26,5/2/2023 10:55:09 PM,YouTube,19077,19484,4630,129,55,718,7.2,6/28/2024 10:55:09 PM,Query of My Life
27,4/25/2023 10:55:09 PM,Spotify,30953,39503,4832,221,22,1168,9.9,6/29/2024 10:55:09 PM,Datastream Dreamer
28,4/23/2023 10:55:09 PM,Spotify,21383,13258,3850,224,12,994,6.7,6/30/2024 10:55:09 PM,Eternal Loop
29,5/10/2023 10:55:09 PM,Spotify,12353,40196,3257,136,15,729,9.6,7/1/2024 10:55:09 PM,Beyond the Cloud
30,4/14/2023 10:55:09 PM,YouTube,33821,13533,4783,269,17,519,9.1,7/2/2024 10:55:09 PM,Hit Refresh on Us
31,5/14/2023 10:55:09 PM,Spotify,47567,37581,443,223,53,1486,6.3,7/3/2024 10:55:09 PM,Midnight Velvet
32,5/2/2023 10:55:09 PM,Apple Music,34860,10249,4766,456,42,1052,9.9,7/4/2024 10:55:09 PM,Whispering Giants
33,5/8/2023 10:55:09 PM,YouTube,31195,24201,710,134,90,1449,7.1,7/5/2024 10:55:09 PM,Neon Rain
34,4/20/2023 10:55:09 PM,YouTube,21939,14686,1827,186,84,647,6.4,7/6/2024 10:55:09 PM,Echoes of the Forgotten
35,4/27/2023 10:55:09 PM,YouTube,35338,37007,2390,233,86,607,9.3,7/7/2024 10:55:09 PM,Willow and the Wind
1,4/21/2023 10:55:09 PM,YouTube,31730,5661,1954,295,59,902,8.8,7/8/2024 10:55:09 PM,Painted Skies
2,4/18/2023 10:55:09 PM,Apple Music,31427,35137,2708,373,20,1095,8.5,7/9/2024 10:55:09 PM,Rooftop Reveries
3,4/19/2023 10:55:09 PM,YouTube,45196,15526,2179,300,37,982,6.6,7/10/2024 10:55:09 PM,Lanterns in the Fog
4,4/26/2023 10:55:09 PM,YouTube,37083,8374,2424,468,79,866,7.9,7/11/2024 10:55:09 PM,Chasing Starlight
5,4/16/2023 10:55:09 PM,Spotify,31510,30592,4727,384,50,1333,9.1,7/12/2024 10:55:09 PM,Sapphire Silence
6,4/22/2023 10:55:09 PM,YouTube,17813,33982,1277,176,25,913,7.2,7/13/2024 10:55:09 PM,Love in the Time of Data
7,4/18/2023 10:55:09 PM,Apple Music,41598,5207,1191,158,77,808,7.2,7/14/2024 10:55:09 PM,Byte-Sized Affections
8,5/6/2023 10:55:09 PM,Apple Music,37570,40433,2891,225,57,1301,6,7/15/2024 10:55:09 PM,Cache in My Heart
9,4/11/2023 10:55:09 PM,Apple Music,37082,28197,1849,208,65,1417,6.7,7/16/2024 10:55:09 PM,404 Love Not Found
10,4/14/2023 10:55:09 PM,Apple Music,39241,38400,2775,323,73,1334,9.5,7/17/2024 10:55:09 PM,Syncing Low
11,5/8/2023 10:55:09 PM,YouTube,40678,8083,881,377,68,633,7.8,7/18/2024 10:55:09 PM,Query of My Life
12,4/28/2023 10:55:09 PM,YouTube,21745,34328,3148,167,99,1218,9.9,7/19/2024 10:55:09 PM,Datastream Dreamer
13,4/17/2023 10:55:09 PM,Apple Music,36029,25103,2205,168,71,782,7.6,7/20/2024 10:55:09 PM,Eternal Loop
14,4/10/2023 10:55:09 PM,Apple Music,23025,44891,3967,264,85,1277,8.9,7/21/2024 10:55:09 PM,Beyond the Cloud
15,5/1/2023 10:55:09 PM,YouTube,46124,15754,4642,404,20,572,7.1,7/22/2024 10:55:09 PM,Hit Refresh on Us
16,4/26/2023 10:55:09 PM,Apple Music,24288,39447,2213,496,98,980,7.5,7/23/2024 10:55:09 PM,Midnight Velvet
17,4/16/2023 10:55:09 PM,Spotify,33650,20901,4070,261,27,851,6.8,7/24/2024 10:55:09 PM,Whispering Giants
18,5/4/2023 10:55:09 PM,Apple Music,16540,38004,2091,464,28,1059,7.4,7/25/2024 10:55:09 PM,Neon Rain
19,4/13/2023 10:55:09 PM,Apple Music,42232,12446,1167,441,96,825,8.2,7/26/2024 10:55:09 PM,Echoes of the Forgotten
20,4/15/2023 10:55:09 PM,Spotify,26422,42211,1677,408,64,1244,10,7/27/2024 10:55:09 PM,Willow and the Wind
21,5/10/2023 10:55:09 PM,Spotify,13342,34301,1111,478,91,942,8.7,7/28/2024 10:55:09 PM,Painted Skies
22,4/28/2023 10:55:09 PM,YouTube,45612,31116,2374,442,35,599,6.8,7/29/2024 10:55:09 PM,Rooftop Reveries
23,5/6/2023 10:55:09 PM,YouTube,20396,23752,4969,486,15,558,6.2,7/30/2024 10:55:09 PM,Lanterns in the Fog
24,4/19/2023 10:55:09 PM,Spotify,27482,37376,1914,141,13,1007,6.5,7/31/2024 10:55:09 PM,Chasing Starlight
25,5/5/2023 10:55:09 PM,Spotify,33411,21669,2526,453,38,757,8.3,8/1/2024 10:55:09 PM,Sapphire Silence
26,4/28/2023 10:55:09 PM,YouTube,23261,37916,4502,208,68,912,9.1,8/2/2024 10:55:09 PM,Love in the Time of Data
27,4/12/2023 10:55:09 PM,Apple Music,13093,18395,4974,150,26,951,9.8,8/3/2024 10:55:09 PM,Byte-Sized Affections
28,4/22/2023 10:55:09 PM,Spotify,21722,25421,2651,349,52,564,6.1,8/4/2024 10:55:09 PM,Cache in My Heart
29,5/7/2023 10:55:09 PM,YouTube,32042,31342,3757,440,89,1094,8.1,8/5/2024 10:55:09 PM,404 Love Not Found
30,4/29/2023 10:55:09 PM,Apple Music,38087,9895,107,482,75,653,7.9,8/6/2024 10:55:09 PM,Syncing Low
31,5/7/2023 10:55:09 PM,Spotify,42347,16023,2655,120,43,1484,8.6,8/7/2024 10:55:09 PM,Query of My Life
32,4/17/2023 10:55:09 PM,Apple Music,43756,15699,575,399,17,765,8.2,8/8/2024 10:55:09 PM,Datastream Dreamer
33,4/10/2023 10:55:09 PM,YouTube,49214,14715,2311,238,22,1320,8.7,8/9/2024 10:55:09 PM,Eternal Loop
34,4/12/2023 10:55:09 PM,Spotify,26335,24169,584,458,17,578,8.6,8/10/2024 10:55:09 PM,Beyond the Cloud
35,4/22/2023 10:55:09 PM,Apple Music,38602,21163,4754,423,74,814,6.5,8/11/2024 10:55:09 PM,Hit Refresh on Us
1,5/7/2023 10:55:09 PM,Spotify,44450,10782,2385,484,52,1161,9.2,8/12/2024 10:55:09 PM,Midnight Velvet
2,5/4/2023 10:55:09 PM,Apple Music,42196,27641,4663,191,48,1446,6.5,8/13/2024 10:55:09 PM,Whispering Giants
3,5/12/2023 10:55:09 PM,YouTube,15626,23792,3625,379,90,1059,8.8,8/14/2024 10:55:09 PM,Neon Rain
4,4/15/2023 10:55:09 PM,YouTube,17424,40585,3439,224,68,1416,7.7,8/15/2024 10:55:09 PM,Echoes of the Forgotten
5,5/11/2023 10:55:09 PM,Spotify,22857,35682,2922,496,93,1390,8.1,8/16/2024 10:55:09 PM,Willow and the Wind
6,4/30/2023 10:55:09 PM,Apple Music,29982,23880,3024,210,97,747,9.6,8/17/2024 10:55:09 PM,Painted Skies
7,4/25/2023 10:55:09 PM,Spotify,21425,43067,358,453,95,1289,9.6,8/18/2024 10:55:09 PM,Rooftop Reveries
8,4/30/2023 10:55:09 PM,Spotify,11980,23073,382,238,95,1367,9.3,8/19/2024 10:55:09 PM,Lanterns in the Fog
9,4/20/2023 10:55:09 PM,Apple Music,36431,41035,1998,372,53,1109,8,8/20/2024 10:55:09 PM,Chasing Starlight
10,5/14/2023 10:55:09 PM,Apple Music,29440,42174,4235,198,18,913,8.9,8/21/2024 10:55:09 PM,Sapphire Silence
11,4/28/2023 10:55:09 PM,Apple Music,27175,29837,3076,351,46,524,8.1,8/22/2024 10:55:09 PM,Love in the Time of Data
12,4/29/2023 10:55:09 PM,YouTube,36385,22826,2367,437,83,783,9.5,8/23/2024 10:55:09 PM,Byte-Sized Affections
13,4/27/2023 10:55:09 PM,Spotify,48158,29981,3300,203,45,948,7.6,8/24/2024 10:55:09 PM,Cache in My Heart
14,4/23/2023 10:55:09 PM,Spotify,33019,15382,712,313,37,1380,9.9,8/25/2024 10:55:09 PM,404 Love Not Found
15,4/24/2023 10:55:09 PM,YouTube,28639,9437,787,348,51,800,9.7,8/26/2024 10:55:09 PM,Syncing Low
16,5/10/2023 10:55:09 PM,Apple Music,29994,10435,3790,251,52,567,9,8/27/2024 10:55:09 PM,Query of My Life
17,4/10/2023 10:55:09 PM,YouTube,44375,29819,712,349,94,506,7.1,8/28/2024 10:55:09 PM,Datastream Dreamer
18,4/12/2023 10:55:09 PM,YouTube,31563,41875,2407,374,97,1316,6.5,8/29/2024 10:55:09 PM,Eternal Loop
19,4/25/2023 10:55:09 PM,YouTube,49341,36982,3113,264,51,636,9.4,8/30/2024 10:55:09 PM,Beyond the Cloud
20,5/2/2023 10:55:09 PM,Spotify,15776,38328,1881,440,75,663,6.7,8/31/2024 10:55:09 PM,Hit Refresh on Us
21,4/20/2023 10:55:09 PM,YouTube,46444,17329,2691,107,64,582,9.4,9/1/2024 10:55:09 PM,Midnight Velvet
22,4/21/2023 10:55:09 PM,Spotify,13380,30169,2796,383,81,1396,8,9/2/2024 10:55:09 PM,Whispering Giants
23,4/19/2023 10:55:09 PM,Spotify,18711,26932,4058,104,57,1149,7.6,9/3/2024 10:55:09 PM,Neon Rain
24,5/11/2023 10:55:09 PM,Spotify,18782,39594,674,244,31,919,9.6,9/4/2024 10:55:09 PM,Echoes of the Forgotten
25,4/25/2023 10:55:09 PM,Apple Music,27434,16421,2010,200,36,572,8.4,9/5/2024 10:55:09 PM,Willow and the Wind
26,4/17/2023 10:55:09 PM,Spotify,30017,12629,3704,263,76,736,8.3,9/6/2024 10:55:09 PM,Painted Skies
